{
  "assetsByChunkName": {
    "vendors~app-account~app-checkout~app-confirmation~app-order": "chunk.a3a5907a7a9868382d5e.js",
    "vendors~app-account~app-confirmation~app-order": "chunk.31cdba8161243c3c95ec.js",
    "vendors~app-account~app-checkout": "chunk.b279cd9bc8e94ed10da2.js",
    "vendors~app-cart~app-checkout": "chunk.e61dbac6819b86a697fe.js",
    "admin": [
      "admin.c9229c7abc88bca00de2.js",
      "admin.c9229c7abc88bca00de2.js.map"
    ],
    "app-account": "chunk.390de1cb0bb5fa1eb1e7.js",
    "app-checkout": "chunk.95ae45315afe8ef4a670.js",
    "app-confirmation": "chunk.eb5a38b83b775df6cf15.js",
    "app-order": "chunk.4bbfd17b0511b28fb95a.js",
    "checkout": [
      "checkout.72a0e48cc5b884c5c042.js",
      "checkout.72a0e48cc5b884c5c042.js.map"
    ],
    "storefront": [
      "storefront.d6186aa60178c5400667.css",
      "storefront.ad0c0cc30f799fd4eed9.js",
      "storefront.d6186aa60178c5400667.css.map",
      "storefront.ad0c0cc30f799fd4eed9.js.map"
    ],
    "vendors~app-cart": "chunk.909d575115d94d4b0158.js"
  }
}